{
  "version": 1,
  "author": "Cristian Damian Meichtry",
  "editor": "wokwi",
  "parts": [
    { "type": "board-esp32-devkit-c-v4", "id": "esp", "top": 76.8, "left": 312.04, "attrs": {} },
    {
      "type": "wokwi-lcd1602",
      "id": "lcd1",
      "top": -128,
      "left": 197.6,
      "attrs": { "pins": "i2c" }
    },
    {
      "type": "wokwi-a4988",
      "id": "drv1",
      "top": 158.2,
      "left": 168.6,
      "rotate": 180,
      "attrs": {}
    },
    {
      "type": "wokwi-stepper-motor",
      "id": "stepper1",
      "top": -73.19,
      "left": -18.77,
      "attrs": { "size": "11", "arrow": "orange" }
    },
    { "type": "wokwi-membrane-keypad", "id": "keypad1", "top": -174.8, "left": 524, "attrs": {} },
    {
      "type": "wokwi-hc-sr04",
      "id": "ultrasonic2",
      "top": 289.5,
      "left": -32.9,
      "attrs": { "distance": "400" }
    }
  ],
  "connections": [
    [ "esp:TX", "$serialMonitor:RX", "", [] ],
    [ "esp:RX", "$serialMonitor:TX", "", [] ],
    [ "drv1:RESET", "drv1:SLEEP", "gold", [ "h9.6", "v-9.6" ] ],
    [ "drv1:DIR", "esp:32", "gold", [ "h0" ] ],
    [ "esp:33", "drv1:STEP", "white", [ "h0" ] ],
    [ "stepper1:B-", "drv1:1B", "red", [ "v0" ] ],
    [ "stepper1:B+", "drv1:2B", "green", [ "v0" ] ],
    [ "stepper1:A+", "drv1:1A", "black", [ "v0" ] ],
    [ "stepper1:A-", "drv1:2A", "blue", [ "v0" ] ],
    [ "drv1:VDD", "esp:5V", "red", [ "h-19.35", "v-38.48", "h134.4", "v144" ] ],
    [ "drv1:GND.1", "esp:GND.1", "black", [ "h-9.75", "v-19.28", "h115.5", "v86.4" ] ],
    [ "esp:21", "lcd1:SDA", "purple", [ "h38.4", "v-124.8", "h-278.4", "v-105.8" ] ],
    [ "esp:22", "lcd1:SCL", "white", [ "h28.8", "v-105.6", "h-259.2", "v-86.7" ] ],
    [ "lcd1:GND", "esp:GND.2", "black", [ "h-48", "v144", "h163.2" ] ],
    [ "lcd1:VCC", "esp:5V", "red", [ "h-38.4", "v172.9", "h124.8", "v192" ] ],
    [ "ultrasonic2:ECHO", "esp:25", "cyan", [ "v38.4", "h191.2", "v-240" ] ],
    [ "esp:26", "ultrasonic2:TRIG", "magenta", [ "h-57.45", "v240", "h-210.8" ] ],
    [ "ultrasonic2:GND", "esp:GND.1", "black", [ "v28.8", "h171.6", "v-182.4" ] ],
    [ "ultrasonic2:VCC", "esp:5V", "red", [ "v57.6", "h249.6", "v-163.2" ] ],
    [ "esp:16", "keypad1:C1", "gray", [ "h0" ] ],
    [ "esp:17", "keypad1:C2", "white", [ "h0" ] ],
    [ "esp:18", "keypad1:C3", "yellow", [ "h105.6", "v9.6", "h163.35" ] ],
    [ "esp:19", "keypad1:C4", "#8f4814", [ "h115.2", "v9.6", "h163.5" ] ],
    [ "esp:13", "keypad1:R1", "orange", [ "h-9.45", "v67.2", "h316.8" ] ],
    [ "esp:14", "keypad1:R2", "cyan", [ "h-19.05", "v105.6", "h336.4" ] ],
    [ "esp:4", "keypad1:R3", "green", [ "h19.2", "v9.6", "h211.5" ] ],
    [ "esp:5", "keypad1:R4", "violet", [ "h28.8", "v28.8", "h211.4" ] ]
  ],
  "dependencies": {}
}